tile_id,iou,dice,precision,recall,occlusion_recall,relaxed_iou,connectivity_ratio,components_count,base_score,final_score
bengaluru_edge_00000,0.051625773733096694,0.09818278521233609,0.052088036116401656,0.8533127886430469,0.0,0.058658258038553186,0.9977990970654628,2.0,0.4135403426819154,0.3134943204492183
bengaluru_edge_00001,0.050978357091151186,0.09701124052115916,0.05281133387980484,0.5949412181706658,0.0,0.061009428727904165,0.9939915248877363,8.0,0.3608848908875484,0.27403877385401276
bengaluru_edge_00002,0.03407987202096555,0.06591342302091457,0.03527081362241986,0.5023157892621829,0.0,0.04102425389832524,0.9188741721854304,7.0,0.3133387414398252,0.23727957861535054
bengaluru_edge_00003,0.04347229303024683,0.08332237151022602,0.04384975968583536,0.834713855107412,0.0,0.04859581786428835,0.9966178128523112,3.0,0.4028245815134917,0.3049182648884819
bengaluru_edge_00004,0.03567260364247037,0.06888780009630358,0.03638433868911874,0.6458429027809633,0.0,0.04129864568167393,0.6472582356442306,7.0,0.2888901931878997,0.21900711607970125
bengaluru_edge_00005,0.02692416926932905,0.05243652856760782,0.027742822860678855,0.47710115728379404,0.0,0.033615936442947296,0.9802756723537502,5.0,0.31467713403103786,0.23784025765731373
bengaluru_edge_00006,0.03247549019513085,0.06290801186765839,0.03388127853778139,0.4390532542646733,0.0,0.040860215052508135,0.4375951293759513,9.0,0.20326157374907303,0.15465997946390234
bengaluru_edge_00007,0.044284997876623655,0.08481400760648612,0.04660793309055223,0.470491803085864,0.0,0.05487329034152572,0.6682229710527384,12.0,0.2655050352326505,0.2021143462515649
bengaluru_edge_00008,0.07577643112012292,0.14087765622681056,0.07810278002180233,0.7178370064792832,0.0,0.08911923271411196,0.9228173883947244,5.0,0.3912063240829461,0.29834089997189905
bengaluru_edge_00009,0.0646053876490243,0.12136964249578494,0.06517080549485565,0.8816077951567337,0.0,0.07181532651074599,0.9984152995624066,2.0,0.429679909131105,0.32638000288790747
bengaluru_edge_00010,0.09374794339935018,0.17142513312159136,0.09706653946723905,0.7327674895234652,0.0,0.11538604099057095,0.7895812749139722,10.0,0.38230162611678004,0.292925534068861
bengaluru_edge_00011,0.055611317579806,0.1053632462132099,0.057317004975191044,0.6514140449153435,0.0,0.06729314558165678,0.9892915058994576,6.0,0.3751140656693799,0.28503005993898906
bengaluru_edge_00012,0.017498041263622165,0.034394250512544466,0.017812258313567957,0.4979729726365047,0.0,0.021051863028522185,0.9854021655065739,5.0,0.3117532868755096,0.23498991537954733
bengaluru_edge_00013,0.04684750489568553,0.0895020615258642,0.04943591899483442,0.4722222220641827,0.0,0.05724635107577519,0.593966785789363,11.0,0.2530498282836741,0.1929228995699193
bengaluru_edge_00014,0.07103116359794412,0.1326407036735088,0.0758326652548709,0.5287093494591694,0.0,0.09116787489690789,0.8886742948764668,7.0,0.3435114831746813,0.2624587075943268
bengaluru_edge_00015,0.0641809692883481,0.12062040412406165,0.06818261203436436,0.522344126164746,0.0,0.08142247102015206,0.9530196653742709,8.0,0.3494153487629211,0.26640709051534966
bengaluru_edge_00016,0.06792780061446789,0.12721421911740355,0.07119534116298532,0.5967832955426684,0.0,0.08310781939598676,0.54273403574915,5.0,0.28499975313093023,0.21826678557974571
bengaluru_edge_00017,0.09182755518331508,0.1682088984608883,0.09579152529792133,0.6893506491715973,0.0,0.11369457339067975,0.6481267595466685,8.0,0.34387405249377195,0.26399835937564853
bengaluru_edge_00018,0.18683657673079287,0.31484802607861073,0.19773565033650062,0.7721923910919465,0.0,0.24933098590671368,0.9969867181557545,5.0,0.5041900711425625,0.3906468855397073
bengaluru_edge_00019,0.04233588803661553,0.08123271686703805,0.04250585480022573,0.9137001075463143,0.0,0.04614866182987516,0.9988123118099699,2.0,0.41800950128015774,0.31620545006716083
bengaluru_edge_00020,0.026648426812099436,0.051913442062823556,0.026789152318118174,0.8353344763663039,0.0,0.028529239156645226,0.9974145992628858,3.0,0.3890432062602332,0.29347765903502754
bengaluru_edge_00021,0.0423144772423306,0.08119330234054264,0.0429109817755245,0.7527196649570211,0.0,0.046483073143897484,0.9968037401011354,7.0,0.3854299332217394,0.29177837398968787
bengaluru_edge_00022,0.044467609827417195,0.08514885365332643,0.046050399431046225,0.5640347561148339,0.0,0.052713572630505405,0.9811233459794577,6.0,0.3467070935520948,0.26296836527334305
bengaluru_edge_00023,0.03862615022366183,0.07437931389527198,0.03939972714762893,0.6629935717800765,0.0,0.042783169688385074,0.9905047748976807,7.0,0.36322935233412346,0.27490416179428884
bengaluru_edge_00024,0.050289570159654386,0.09576324775273141,0.0520226448265356,0.6015252619632904,0.0,0.06263449344209582,0.9696878091678576,8.0,0.3570192680485356,0.27115597359635896
bengaluru_edge_00025,0.05186106592505148,0.09860820521851456,0.054865703871815844,0.48638947038995234,0.0,0.06586970751142489,0.9778985018221082,10.0,0.3370618829794461,0.2563240208116648
bengaluru_edge_00026,0.06465936739528266,0.12146489173053257,0.06590885604906667,0.7732783703265571,0.0,0.07664769189547613,0.9990492921359926,2.0,0.40866136646351137,0.31073877038409314
bengaluru_edge_00027,0.11343684984742891,0.20375982681545493,0.1173121326585508,0.7744673478651537,0.0,0.13999648690965524,0.8721137699412259,8.0,0.4226150414179624,0.32442615169449923
bengaluru_edge_00028,0.07378111378391118,0.13742300518568998,0.07420195660143188,0.9286168182739637,0.0,0.08330400311054768,0.9991537185606445,2.0,0.4466855374203767,0.33973680463016626
bengaluru_edge_00029,0.07303255750211478,0.136123656251634,0.07584080518567385,0.6635658912671114,0.0,0.08955336295512716,0.47630860828578514,8.0,0.2892192896445292,0.22176775397919696
bengaluru_edge_00030,0.05991614255513979,0.11305826970556358,0.0634040287486288,0.5213425755120968,0.0,0.07347515145659021,0.8668914721803177,9.0,0.3282379277493178,0.25017750475166184
bengaluru_edge_00031,0.04640215198202452,0.08868894601207133,0.04880382774916564,0.48531237050669745,0.0,0.054736041250486665,0.804035781152486,9.0,0.2971160089554093,0.22589404647274533
bengaluru_edge_00032,0.08578322745428753,0.1580117012037729,0.09331976214210533,0.5150798342652041,0.0,0.10505537887350283,0.5957572186210961,10.0,0.2936216806291254,0.2258900815519074
bengaluru_edge_00033,0.06255346449823453,0.11774177316860739,0.06371160966970787,0.7748344368808385,0.0,0.07129735134592244,0.9922674798518841,3.0,0.4056239278978473,0.30825407017786904
bengaluru_edge_00034,0.0657260839623272,0.12334517274450153,0.06846082618750678,0.6219810039017691,0.0,0.0760489510465769,0.5117237671376087,9.0,0.28161366348924044,0.21547486210193012
bengaluru_edge_00035,0.07950826434697868,0.1473045959404029,0.08180531974867557,0.7390081797701922,0.0,0.09719985131652832,0.9492076966610073,7.0,0.40406637548973817,0.3083149386538091
bengaluru_edge_00036,0.0760139400960651,0.14128802102559876,0.0807555066648578,0.5641986878042738,0.0,0.09546559619790056,0.9979609905293376,4.0,0.37630398556692835,0.2873309035941645
bengaluru_edge_00037,0.20027455510019126,0.3337145726353812,0.20507414073532057,0.8953671131730134,0.0,0.2707025444160096,0.9983029056312677,2.0,0.5393015401363502,0.41791858280935756
bengaluru_edge_00038,0.03638316263623692,0.07021179800661649,0.03666455495627007,0.8258026154424478,0.0,0.04045797324708378,0.672579453067258,3.0,0.3303709511873629,0.2501220997297349
bengaluru_edge_00039,0.02170073176825355,0.042479624597500626,0.0221174453487036,0.5352697091733958,0.0,0.024802217473442217,0.9863694813544792,4.0,0.32285314894435785,0.24356217159967627
bengaluru_edge_00040,0.052815790227133265,0.10033244318218071,0.05441754603604926,0.6421346352835248,0.0,0.06162654681827167,0.9312169312169312,8.0,0.3591200263342469,0.27279503633875835
bengaluru_edge_00041,0.04148069627199619,0.07965715816044845,0.042937167935928125,0.5501294855530413,0.0,0.04927519116502981,0.9695079695079695,6.0,0.3391394737368163,0.25710070826214354
bengaluru_edge_00042,0.04659930372681329,0.08904898667690456,0.046719901928273376,0.947513811827516,0.0,0.050161518637251615,0.9982463010573273,2.0,0.4280802470416233,0.32400982687719526
bengaluru_edge_00043,0.0632412980673685,0.11895944633136597,0.0634573658463121,0.9489104113925155,0.0,0.07007662699830366,0.999012273713527,2.0,0.44214238582072257,0.33563621434548363
bengaluru_edge_00044,0.07865365716416349,0.1458367227362823,0.08825961954675832,0.4195058029914815,0.0,0.10289277000724575,0.5792209838131621,13.0,0.2661572293367647,0.20499637100151025
bengaluru_edge_00045,0.09574232956065538,0.17475336487008558,0.09919850109088793,0.7331897213827989,0.0,0.11396584869130463,0.9984178203393359,2.0,0.4253420168212427,0.3252368550135989
bengaluru_edge_00046,0.07639983191311063,0.1419543735478357,0.08045023368786608,0.6027766264809828,0.0,0.09662674303950047,0.985259548106972,6.0,0.38185846058677764,0.2915389415843326
bengaluru_edge_00047,0.041294777729110145,0.07931428950247336,0.04162968377379297,0.8369489150325582,0.0,0.04575007346374981,0.9983292434605545,3.0,0.4017829058528934,0.30398854456665864
bengaluru_edge_00048,0.04207783006826381,0.08075755736115679,0.04271330970250389,0.7387827628881463,0.0,0.04773876138599901,0.9977911337134638,2.0,0.38279750231627707,0.28982703811472554
bengaluru_edge_00049,0.04436352827195039,0.08495801906325899,0.049355158726078444,0.30490296205061135,0.0,0.05779707855840528,0.48040674603174605,8.0,0.19517203630611435,0.149440473535236
bengaluru_edge_00050,0.04252614099160566,0.0815828770512299,0.043219154601608016,0.7261852012732897,0.0,0.04806522940718449,0.9299897160034807,9.0,0.3670687609067814,0.2780545641408011
bengaluru_edge_00051,0.037777035303758165,0.07280376038134395,0.03816725177697886,0.7870069601916442,0.0,0.04068066381010976,0.9858448105139976,4.0,0.38628361944341494,0.29211199112387765
bengaluru_edge_00052,0.02667481164664338,0.05196350654373355,0.02752389956855962,0.46371681395410763,0.0,0.030981474181290724,0.9973736737052211,4.0,0.3149758244975891,0.2379893842051038
bengaluru_edge_00053,0.060817651781223725,0.11466183972166098,0.060876098616818225,0.9844588864129814,0.0,0.06599713055829501,0.9995806468522305,2.0,0.4472774925845931,0.33930154134618823
bengaluru_edge_00054,0.1194431384809214,0.21339741944017832,0.1253907321051442,0.7157614649059694,0.0,0.14828319659227338,0.9341102275843158,7.0,0.42801279763755934,0.32887718511699005
bengaluru_edge_00055,0.11176751266474819,0.20106274268953478,0.1190378239692414,0.646641251393895,0.0,0.13914068639928895,0.9327251167630617,9.0,0.40799490610989103,0.31338507493432893
bengaluru_edge_00056,0.17570822341608652,0.2988976685143128,0.19968196866088783,0.5940747634097971,0.0,0.24310719596604774,0.988060790907432,6.0,0.4593893034426505,0.356552231130269
bengaluru_edge_00057,0.03011643970731959,0.05847191355547414,0.030295209544573362,0.8361643831034715,0.0,0.032534176279146634,1.0,1.0,0.39263338256430735,0.29639574574599414
bengaluru_edge_00058,0.033169691879298184,0.06420957203838164,0.034149098888270626,0.5362924279183852,0.0,0.038768606223316356,0.8525304249517855,9.0,0.3059862471757857,0.2316761413363932
bengaluru_edge_00059,0.03134755743037553,0.06078951213784545,0.03175780312710193,0.7081712058812397,0.0,0.03505456181718856,0.9985168058978777,2.0,0.3678773259295976,0.2779360718622307
bengaluru_edge_00060,0.03180053747334527,0.06164086239229504,0.031867675171941355,0.9378669271341159,0.0,0.03385702106870823,0.9981713905743496,2.0,0.41395371561497407,0.3124797297362687
bengaluru_edge_00061,0.036539261274875445,0.07050241633864315,0.03679872070595673,0.8382480482054432,0.0,0.03997520297484351,0.9972967313293609,3.0,0.39786689560782484,0.3007375727504087
bengaluru_edge_00062,0.04847185728031268,0.09246191386776262,0.04863917847579942,0.9337329334220004,0.0,0.052537037036064126,0.9993061458134573,2.0,0.42709496233771677,0.32339631981854006
bengaluru_edge_00063,0.0882025509689175,0.16210686308423633,0.10162348370646741,0.4004332129385656,0.0,0.10796851942562123,0.8771942683329058,8.0,0.3288997017101449,0.2525028569439136
bengaluru_edge_00064,0.11538461538234072,0.20689655172048116,0.11962964476720701,0.7647981182850127,0.0,0.1351868958805131,0.9958099987736582,3.0,0.44621060477549096,0.3420661405674163
bengaluru_edge_00065,0.056807719219666195,0.1075081458746579,0.057708855549072,0.7843885073011979,0.0,0.06596478705555625,0.9955104942197613,4.0,0.4036552452833286,0.3064445019525643
bengaluru_edge_00066,0.05397379912559003,0.1024196221393139,0.05454117554659748,0.8384081999281254,0.0,0.060742335950073,0.9982545254858891,2.0,0.41250513399403627,0.3128523266600903
bengaluru_edge_00067,0.0537569339366698,0.10202909647453966,0.05593842924415118,0.579557810590954,0.0,0.06754572834542182,0.5132761938079412,13.0,0.2642678813171236,0.20183687957661833
bengaluru_edge_00068,0.02408469714762592,0.047036533627948574,0.024912739964009042,0.42016188342887273,0.0,0.028300644990202243,0.5898778359511344,8.0,0.2226183160689153,0.1685602685611362
bengaluru_edge_00069,0.02314683017577692,0.04524635075456431,0.02330349662632163,0.7749266856488807,0.0,0.025049963662221793,0.991026941223158,4.0,0.3727940169732153,0.28107667658309626
bengaluru_edge_00070,0.021048173246518705,0.04122856060668335,0.02113848202357711,0.8312727266681652,0.0,0.02217787913298788,0.9995561473590768,2.0,0.3839527461820477,0.2892974657880255
bengaluru_edge_00071,0.01429910923551338,0.028195054309553227,0.014476806903679033,0.538091418975067,0.0,0.01619821035866412,0.9838834951456311,6.0,0.31663834474627267,0.23841489086298442
bengaluru_edge_00072,0.10736782901533364,0.19391538421484505,0.117051934507508,0.5647928992411856,0.0,0.1331333941756987,0.819424857440677,10.0,0.36547769406148706,0.2812026455658849
bengaluru_edge_00073,0.1603274773967416,0.276348669698739,0.1675067460880936,0.7890634367683099,0.0,0.2083333333270928,0.8644417290361998,4.0,0.46070340326748144,0.3561943376224818
bengaluru_edge_00074,0.15616576819143926,0.2701442517809975,0.1579620005085122,0.932126696738851,0.0,0.19590558366805141,0.9992331941722757,2.0,0.5124400415421397,0.39455654599796147
bengaluru_edge_00075,0.18381148499593272,0.3105418173849939,0.19488413635203483,0.7638821354892655,0.0,0.24828565386072907,0.9752146082469111,5.0,0.4962362397285399,0.38456373742268474
bengaluru_edge_00076,0.06405988377693175,0.12040653868003764,0.06442027693460073,0.9196832576584606,0.0,0.07111158296908139,1.0,1.0,0.4371644154428426,0.33195693143707106
bengaluru_edge_00077,0.045797333065829365,0.08758357210870145,0.04652578705582268,0.7452255177792664,0.0,0.051138027417778835,0.6459321646921535,3.0,0.31669056552969455,0.24046363614739705
bengaluru_edge_00078,0.03487199596563576,0.06739383440963018,0.03536630400717648,0.7138761463796581,0.0,0.03919829726737619,0.8727665255802063,4.0,0.34681482171252703,0.26236939659577047
bengaluru_edge_00079,0.04961611491649148,0.09454145036719255,0.05048016350616009,0.7435051543325752,0.0,0.05697492394314396,0.7907439034633368,5.0,0.3485866952744178,0.264666364120438
bengaluru_edge_00080,0.04634314627281672,0.08858116276270521,0.04775305862346319,0.6108374381921798,0.0,0.057077555052751104,0.9379387978789584,6.0,0.34919407997838325,0.26500905272305025
bengaluru_edge_00081,0.04951191627680028,0.09435227082022367,0.05097944523102293,0.6323474351807011,0.0,0.05802391440975381,0.6987413600555371,4.0,0.307986197262479,0.2342385481458159
bengaluru_edge_00082,0.07885852937865655,0.14618882315195353,0.08516820007163334,0.515606138900568,0.0,0.09654406174795205,0.888455293816048,6.0,0.34672853085077093,0.2652730915884096
bengaluru_edge_00083,0.06874260220184052,0.1286420173767115,0.07398696653255948,0.4923377892904568,0.0,0.08134568795221295,0.9957371747758342,3.0,0.3550957165031175,0.27082273732087536
bengaluru_edge_00084,0.062292070111170064,0.11727861265998367,0.06536577740555008,0.5698387461799139,0.0,0.07669672263709582,0.9950500208420175,4.0,0.3655400963608843,0.27831712387123003
bengaluru_edge_00085,0.07872968126109997,0.1459673959634822,0.08447906644472614,0.53635467969727,0.0,0.09742760070870643,0.9742093665621799,6.0,0.3680298386289062,0.28126678245470454
bengaluru_edge_00086,0.0675890675587366,0.12662000691575645,0.07085840233302977,0.5943042716476882,0.0,0.08555946382464874,0.7705665097992495,10.0,0.3300823712904757,0.2521283784944041
bengaluru_edge_00087,0.03385230328816768,0.06548769718943491,0.03449749817619629,0.6441314550966519,0.0,0.03834492132264246,0.9044278494380328,5.0,0.3383813531586018,0.25598638790798744
bengaluru_edge_00088,0.02789205361833175,0.05427039448383243,0.028057739143653688,0.8252766448309395,0.0,0.030128799587220426,0.9920994792388571,4.0,0.3870287167982224,0.2920517881896244
bengaluru_edge_00089,0.014382444521089598,0.028357045409790862,0.014419265327457399,0.8492217890571772,0.0,0.014774258759858924,0.998827299154334,3.0,0.38177211600100824,0.2872326870938886
bengaluru_edge_00090,0.023514080116521386,0.04594774136149536,0.024987957609285405,0.2850274723317119,0.0,0.026024265868001627,0.4278660886319846,10.0,0.16254659414904365,0.123428825026958
bengaluru_edge_00091,0.10416362307746951,0.18867425243941632,0.11919090604484615,0.45241116741700266,0.0,0.13322786597360145,0.6033099297893681,8.0,0.29767647491785576,0.23024852628169293
bengaluru_edge_00092,0.12538611142684908,0.2228321642744909,0.12676172694468613,0.920345489332972,0.0,0.15297084872713998,0.9989425507658246,2.0,0.4862092618178083,0.37283394602780145
bengaluru_edge_00093,0.156793088492665,0.2710823397068718,0.1590774489371867,0.9160982263773048,0.0,0.19696002306351904,0.9988324280420325,2.0,0.5096509902401036,0.39251068610915985
bengaluru_edge_00094,0.15323933915486135,0.2657546164999212,0.1559809117935519,0.8971035040614641,0.0,0.19496262662622427,0.9980277870714399,2.0,0.5032710098028988,0.3875647474635146
bengaluru_edge_00095,0.10047184419849389,0.18259775518685895,0.10198043602688696,0.871661134681261,0.0,0.117948083031696,0.9984836997725549,2.0,0.456591175040271,0.3489304533483125
bengaluru_edge_00096,0.09099906332129794,0.1668178578344,0.09192508881702596,0.900332225756193,0.0,0.10485625024508925,0.9970185492653492,3.0,0.4544100103177419,0.3466516255088799
bengaluru_edge_00097,0.0853559505533636,0.15728655748346018,0.08646059919047909,0.8698050752354164,0.0,0.09957489878340942,1.0,1.0,0.44457913193463017,0.33895675277101817
bengaluru_edge_00098,0.12526670649216382,0.22264358443992788,0.1265247187593956,0.9264636261754041,0.0,0.15173054703994246,1.0,1.0,0.48744335267209804,0.37372465681672323
bengaluru_edge_00099,0.08062599493104132,0.14922090586241424,0.08347648451452072,0.7024809531739634,0.0,0.09640334618803778,0.5677840196852222,6.0,0.32115505438900477,0.24614946070637275
bengaluru_edge_00100,0.05018605403575172,0.09557554843333166,0.050399688047533635,0.922116527668812,0.0,0.055384777528932796,0.9993988431793072,2.0,0.42628195253978796,0.32291810387392783
bengaluru_edge_00101,0.08640122000413655,0.15905950474504726,0.08834636844070008,0.796923076747929,0.0,0.10287132411531004,0.9982213775796116,2.0,0.4306812044643351,0.32865094551049884
bengaluru_edge_00102,0.12146732867991814,0.2166221441740931,0.12421801353748783,0.845805980912355,0.0,0.14692748276509737,0.9981360870683006,2.0,0.4680035300861437,0.35890195304441036
bengaluru_edge_00103,0.11554419016998815,0.20715304904663862,0.12609636632514817,0.5799607071931944,0.0,0.1449249194985127,0.6193473060713065,5.0,0.3350284044069081,0.25892814178285173
bengaluru_edge_00104,0.10499328858778541,0.1900342557228922,0.11551866729337433,0.5353867213503919,0.0,0.133689024386168,0.4670959357277883,10.0,0.2876223199319223,0.22274680986247933
bengaluru_edge_00105,0.06993903283670712,0.13073461326348512,0.07973933648974173,0.36267289377354534,0.0,0.09255517858832177,0.4369668246445498,16.0,0.21935187306749926,0.1693362048415849
bengaluru_edge_00106,0.06390155208137496,0.1201268142834466,0.06841006544605027,0.4922858301883301,0.0,0.07797596749335861,0.9275558564658091,5.0,0.33777302567136913,0.2575795230204211
bengaluru_edge_00107,0.14113901661541287,0.24736515807517884,0.19395294573265087,0.3413757699621191,0.0,0.19596249681595046,0.24110441376628428,17.0,0.23321833009992368,0.1846691121789739
bengaluru_edge_00108,0.12108742578783814,0.2160178109262881,0.1349928555211707,0.540337146134757,0.0,0.15606526364340936,0.42581033315785516,7.0,0.293112331401395,0.22794969560105802
bengaluru_edge_00109,0.042861695346596174,0.08220015278699261,0.043183561349853135,0.851864883584847,0.0,0.046667671892968415,0.9969498599789522,4.0,0.40569517793545384,0.30700134835058446
bengaluru_edge_00110,0.12232512730883861,0.2179851886630308,0.12942128918429352,0.6904974678745163,0.0,0.15154658618912528,0.9899500293124145,8.0,0.436321737049266,0.335283846391326
bengaluru_edge_00111,0.15679003707743208,0.27107777911634456,0.16757228314637157,0.709027631226637,0.0,0.20698777857061143,0.9951894317048854,5.0,0.4685091444918098,0.36190490053554486
bengaluru_edge_00112,0.16909902303362886,0.2892809243734434,0.1773149807091479,0.7849211532345879,0.0,0.224318973505142,0.9955945279399675,6.0,0.49313002043719334,0.38118523900811196
bengaluru_edge_00113,0.15214615111471894,0.26410911665592984,0.15341142805770525,0.9485790112851289,0.0,0.18797267888673003,0.9998569256907807,2.0,0.5125482722265171,0.3943137119891892
bengaluru_edge_00114,0.10599185819468256,0.1916684239750078,0.10792081345161113,0.8557001025580794,0.0,0.12684242795519698,0.9973230284320287,2.0,0.457703939535964,0.350169768877974
bengaluru_edge_00115,0.11579468922401419,0.20755554824256112,0.11660352951831093,0.9434808611029484,0.0,0.13558386411601733,0.9970063753118359,4.0,0.48249339306120237,0.3693015193671344
bengaluru_edge_00116,0.15416760982476072,0.2671494304855224,0.15530608664874046,0.9546091643175623,0.0,0.19236866911919684,1.0,1.0,0.515487959853003,0.3966916496216107
bengaluru_edge_00117,0.13572892341203627,0.23901640719736178,0.13647908246990592,0.9610798649087648,0.0,0.165156381429893,1.0,1.0,0.5024179437770918,0.3856266840011836
bengaluru_edge_00118,0.07626926196145549,0.14172896069234192,0.07693566332749303,0.8980137507834198,0.0,0.08708170360555045,0.9988546370835788,2.0,0.44258140359740417,0.3368380730713643
bengaluru_edge_00119,0.07006798554398505,0.13095987636405168,0.07151638917102844,0.7757685350868515,0.0,0.08244462674135346,1.0,1.0,0.4136551351685149,0.31481531531877044
bengaluru_edge_00120,0.08972241631058689,0.1646702223752635,0.09053036372231164,0.9095299419012347,0.0,0.10369617182019165,1.0,1.0,0.45587376523372874,0.3476776362043745
bengaluru_edge_00121,0.120361328123041,0.21486162562337677,0.12149839809214658,0.9278544540868439,0.0,0.14217339689569855,0.9986527560995646,2.0,0.48332452016345595,0.37023801196681466
bengaluru_edge_00122,0.13687472970696088,0.24079122550686213,0.14320906965276867,0.7557707613749309,0.0,0.1724898333188473,0.9861994419446469,4.0,0.46005951279925605,0.354077704872586
bengaluru_edge_00123,0.10969140379585615,0.19769713169020003,0.12111478506940278,0.5376764992957254,0.0,0.1440861627325118,0.7469374901590301,10.0,0.34817854803571635,0.26857842178867575
bengaluru_edge_00124,0.10413867011236942,0.18863331741070372,0.10615571354072904,0.8456969193471893,0.0,0.12462329373978957,0.9979538754985261,3.0,0.45438548522389033,0.34756434610545084
bengaluru_edge_00125,0.14480349894135477,0.2529752906507716,0.1700979486168879,0.4933533447155496,0.0,0.19615038944741797,0.3013491036776936,18.0,0.27800022602142205,0.21837616412215355
bengaluru_edge_00126,0.25468930277716534,0.4059798744014613,0.29752002463426064,0.6388819977971651,0.0,0.37906430634126337,0.6785659272951324,14.0,0.46656330994724254,0.36765745483369633
bengaluru_edge_00127,0.14734804490616826,0.2568497772935475,0.1502625449060314,0.8836777338189369,0.0,0.18317341445861987,0.973054601444984,5.0,0.4907132640485751,0.3776667561753933
bengaluru_edge_00128,0.11717032374370952,0.2097626856951664,0.12835891380739745,0.5734177213980131,0.0,0.14663582419055438,0.9009208972845336,6.0,0.39126455851528374,0.30120097710921256
bengaluru_edge_00129,0.15715029955308282,0.2716160547403008,0.1655144032876402,0.7566787908244477,0.0,0.20337840007054245,0.9825240054869685,11.0,0.47536998784268336,0.3669715303124434
bengaluru_edge_00130,0.20576330193985523,0.3412996590770664,0.21555057561702368,0.8192217768187022,0.0,0.28282358094567994,0.9922225151595043,5.0,0.5273369567444397,0.40941159409468325
bengaluru_edge_00131,0.1889609778995964,0.3178590070019161,0.19459291966467981,0.867178734714147,0.0,0.2532152390135109,0.9991091486559764,2.0,0.5252840968007539,0.40662870338717216
bengaluru_edge_00132,0.15226503304443373,0.26428821265560715,0.15747353210444123,0.8215424759609246,0.0,0.1971407818212777,1.0,1.0,0.48816088479932296,0.37625609871627463
bengaluru_edge_00133,0.055076255608553275,0.1044024170116236,0.05520973391007736,0.9579493084798534,0.0,0.060744211189102726,0.9987716415185167,2.0,0.4372882792736285,0.33147829814270113
bengaluru_edge_00134,0.0754536233496153,0.14031962273669585,0.07725594276259935,0.7638334281905781,0.0,0.08667375398390739,0.9491980152319409,6.0,0.40521697560447234,0.3087767411290308
bengaluru_edge_00135,0.10817408872618614,0.19522941354914572,0.10931890493748288,0.9117354901501723,0.0,0.12845107690860458,0.9978561584401,2.0,0.4706143129777479,0.3599645554344677
bengaluru_edge_00136,0.1343669250615269,0.23690205010911963,0.1375725791314485,0.8522117475196211,0.0,0.16556182993246688,0.977945308110133,4.0,0.47540483791185917,0.36533353637183913
bengaluru_edge_00137,0.14256043663770473,0.24954555061827213,0.14640013888181344,0.8446129631070807,0.0,0.17554088427289888,0.896679149822673,7.0,0.4638390078272349,0.35716910281794834
bengaluru_edge_00138,0.1608763752304943,0.2771636647331237,0.16592705048530643,0.8408956400827682,0.0,0.1989761246727002,1.0,1.0,0.49758675047472817,0.38363996647240883
bengaluru_edge_00139,0.16599818061185084,0.2847314573419733,0.1762136774607977,0.7411612664320907,0.0,0.2136535713336763,0.9991221139496094,3.0,0.48210444269816366,0.3725537917813875
bengaluru_edge_00140,0.15703176803590668,0.27143899134675004,0.16430839097272443,0.7800179657870029,0.0,0.20145726663545055,0.9983810945482833,2.0,0.4829432285762665,0.37259973759036935
bengaluru_edge_00141,0.1512176238685523,0.2627090147567417,0.17373549508051042,0.5384711778773845,0.0,0.2095221651396589,0.4330651356487284,7.0,0.318741138875512,0.2494679912679416
bengaluru_edge_00142,0.0835205326683013,0.15416511298151742,0.08439480044280497,0.8896539850422355,0.0,0.09558162126982367,0.9982363315696648,2.0,0.4465576368618171,0.3402788387487311
bengaluru_edge_00143,0.09592658186778533,0.1750602338786196,0.10348421161970736,0.5677530016070605,0.0,0.12045462850855335,0.9551186299371244,5.0,0.3843664930962936,0.29467357073176403
bengaluru_edge_00144,0.1336472002377312,0.23578270243106453,0.1366140361627529,0.8602192132997782,0.0,0.16455696202137138,0.9960271139235322,4.0,0.48006243731399817,0.36877862581939286
bengaluru_edge_00145,0.2249800296637858,0.36732032231665845,0.24906828373921205,0.6993614756385809,0.0,0.3176790365692295,0.9203461562756616,8.0,0.5037845180348826,0.39318411884014814
bengaluru_edge_00146,0.19490072356580876,0.3262207808933086,0.19846701818978127,0.915585984622184,0.0,0.258647415734562,0.998341306701121,2.0,0.5389305759528965,0.4171781361637754
bengaluru_edge_00147,0.1534290141043499,0.26603980345247197,0.15917262382811276,0.80959552486988,0.0,0.19275286885783943,0.9963199526246774,3.0,0.4853255867739009,0.3740563720213319
bengaluru_edge_00148,0.1686645151343041,0.28864488131552624,0.1725357648134622,0.8825894651304192,0.0,0.21713680051508835,0.9958929413614211,3.0,0.5117375104623345,0.39494792031525094
bengaluru_edge_00149,0.19851481759977901,0.331268023865299,0.20355814442761672,0.8890421455257439,0.0,0.2649839477412823,0.9982454909116429,2.0,0.5364016324278751,0.41554810853275187
bengaluru_edge_00150,0.1753282431144668,0.2983477069348215,0.17909119058331222,0.8929846568664493,0.0,0.2281241797258662,0.9818663879857563,4.0,0.5162016144553498,0.39877526471027513
bengaluru_edge_00151,0.11732327689774014,0.21000775572042044,0.11807551923321044,0.9484950699340302,0.0,0.14078377201845357,0.998223456830001,2.0,0.4852548407091917,0.3715523627400822
bengaluru_edge_00152,0.061111440249389436,0.11518383071061154,0.06333466367656235,0.6351600983266132,0.0,0.07228758169698407,0.6014183526233383,8.0,0.298618266099689,0.22797458000419132
bengaluru_edge_00153,0.04353124695223917,0.08343065352259937,0.04470252546630535,0.6242572524906476,0.0,0.05162061705477554,0.8564062773759167,8.0,0.3330352427975001,0.2526539712804299
bengaluru_edge_00154,0.08506205594677502,0.1567874491243799,0.08570300866384932,0.9191841445219965,0.0,0.0974289310166924,0.9985826799906709,2.0,0.4537586342719915,0.34577781779280037
bengaluru_edge_00155,0.17003799157675248,0.29065379551925136,0.1744296277533879,0.8710288238090649,0.0,0.22136001633088218,0.9979986938844299,2.0,0.5111144519457882,0.3946284867063132
bengaluru_edge_00156,0.2705827487657039,0.42591912888563777,0.27671793648351184,0.9242665604059295,0.0,0.37613492397655895,0.9973371487619729,2.0,0.5960597036440718,0.4651544243031096
bengaluru_edge_00157,0.2636130252624035,0.41723695465652755,0.267301467687361,0.9502587518447331,0.0,0.3587938785623088,1.0,1.0,0.5961436332049104,0.4645881966167271
bengaluru_edge_00158,0.20918787622327198,0.34599730999063744,0.22727064114398846,0.7244532220960826,0.0,0.2899532899454612,0.9941254761576942,6.0,0.5115073651987788,0.3978191709753945
bengaluru_edge_00159,0.16608555286253293,0.28485997867793217,0.16888531424636205,0.9092435488768784,0.0,0.2108658199404851,1.0,1.0,0.5156716746545406,0.39766222063367324
bengaluru_edge_00160,0.1590819672101343,0.2744964924146624,0.1616871370053949,0.9080312265096747,0.0,0.20181379597806248,1.0,1.0,0.5101822398059404,0.3931017554992168
bengaluru_edge_00161,0.16411213068054573,0.2819524448810699,0.17447937605064245,0.7341829253711308,0.0,0.21745087658526294,0.993353166626464,5.0,0.4787684499484492,0.37008841657048863
bengaluru_edge_00162,0.11425551337923004,0.20507955672164377,0.11554159108390222,0.9112274874299109,0.0,0.1353694764178357,0.998558564394921,3.0,0.4753279255319684,0.3638718694356831
bengaluru_edge_00163,0.11739967210359256,0.21013013523187898,0.13193943762989907,0.515815847084902,0.0,0.1562642368955782,0.6853320515901626,12.0,0.3377384552584386,0.2613045699579118
bengaluru_edge_00164,0.19936341632573976,0.33244872006600185,0.21954069151047717,0.6844621513165097,0.0,0.2809080027239694,0.9894118076600095,6.0,0.4958186261656362,0.3855343213972231
bengaluru_edge_00165,0.2474896201004611,0.39678024748699814,0.2544425431043374,0.9005657237337393,0.0,0.34926802365513715,0.9999247823388931,2.0,0.5760923704769051,0.44885435179390043
bengaluru_edge_00166,0.25495914778663853,0.4063226253002864,0.27130059647676136,0.8088988055644508,0.0,0.3711031174954007,0.9978209671384236,2.0,0.5637747095618462,0.4403746322723562
bengaluru_edge_00167,0.2542855374661327,0.4054667456021731,0.2659604306400147,0.8527845035729654,0.0,0.3629870129767649,0.9981445122872122,3.0,0.5714225752367885,0.4458885102903643
bengaluru_edge_00168,0.2722279209775946,0.4279546400277264,0.27688683213669524,0.9417892507044937,0.0,0.379119763577362,0.998502313840976,2.0,0.6010159295181604,0.4689922232406208
bengaluru_edge_00169,0.19816296508560577,0.3307779840640418,0.20328689474569286,0.8871576579481842,0.0,0.25692740573422784,1.0,1.0,0.5353595094504715,0.41455457909557997
bengaluru_edge_00170,0.25783786809265935,0.4099699565948599,0.282234342435279,0.7489226765794843,0.0,0.3698800165355294,0.6142603260203456,6.0,0.47657655834539875,0.3750270169810313
bengaluru_edge_00171,0.06082140508672244,0.11466851026021721,0.06308362186383686,0.6290871042037439,0.0,0.0717085736665815,0.97345504144371,5.0,0.3715517653328838,0.2826501622831641
bengaluru_edge_00172,0.06128045564684568,0.11548399920263398,0.06179667723070483,0.8800363523538212,0.0,0.07021853491065749,0.993511880703695,5.0,0.42592261381493896,0.3234069794195891
bengaluru_edge_00173,0.10165825522540436,0.18455497381918065,0.10231357262015367,0.9407292473327029,0.0,0.11964198851795618,0.9986162439460673,2.0,0.4713866043686959,0.36010866835252814
bengaluru_edge_00174,0.2060412791176182,0.34168196841216775,0.2114737703389131,0.8891437308188728,0.0,0.28293930922720095,0.9994726793344849,2.0,0.5429480248358382,0.4211310419516809
bengaluru_edge_00175,0.2944387580980137,0.4549288349966404,0.30273266214784555,0.9148733170298488,0.0,0.42075826450196924,0.9983688216929175,2.0,0.6120661524684138,0.47893566587754266
bengaluru_edge_00176,0.3312831622756663,0.4976900056474509,0.34078718742273956,0.922353422229599,0.0,0.48146599047206917,1.0,1.0,0.6398605754739062,0.5022942459662703
bengaluru_edge_00177,0.34112230547781547,0.5087117022578792,0.355411046877902,0.8945693356456393,0.0,0.5105837255697572,0.9998595054592164,3.0,0.6424026427118706,0.505189500269843
bengaluru_edge_00178,0.2564731091986092,0.4082428940515731,0.2624287826144473,0.9187067511241085,0.0,0.35247153264795444,1.0,1.0,0.5851675043021628,0.4559963665834482
bengaluru_edge_00179,0.19779080252033834,0.3302593442931031,0.21408354479274636,0.7221399176360378,0.0,0.27354480524322516,0.9662063244192856,5.0,0.4970362656387476,0.38621644619530937
bengaluru_edge_00180,0.21964271660856924,0.36017550651115987,0.23035180026348184,0.825312338225378,0.0,0.3066806943633172,0.9973382853605695,2.0,0.5401527499334535,0.42002930759816964
bengaluru_edge_00181,0.19891168021606764,0.3318204059538728,0.20569408417275345,0.8578033672810081,0.0,0.26807435100131444,0.9366371014977826,3.0,0.5183785503983747,0.40211992265093816
bengaluru_edge_00182,0.1336449883083444,0.23577926015052214,0.15131937416706936,0.533626132235297,0.0,0.1804121607761513,0.27994862613839805,13.0,0.27311222986707073,0.2139622795254427
bengaluru_edge_00183,0.16859114271336,0.2885374303315479,0.1721732877912606,0.8901486988020307,0.0,0.21476146052080008,0.9977170591407514,2.0,0.5133314409018634,0.3960817243524789
bengaluru_edge_00184,0.27278690788094206,0.42864505628063687,0.2760560427609787,0.958393983445027,0.0,0.3870865988793078,0.9986198944830719,3.0,0.6054694265139454,0.47254713440946144
bengaluru_edge_00185,0.24965807118374658,0.39956221136115483,0.2566309472737826,0.9018497318249171,0.0,0.35482083486436045,1.0,1.0,0.5781571004876448,0.45060359976915393
bengaluru_edge_00186,0.3491651542586358,0.5176017971654502,0.35606677523770974,0.9474072979294131,0.0,0.5220213135193499,0.9984823808113711,2.0,0.6580718049561134,0.5174389734478698
bengaluru_edge_00187,0.41053042501650105,0.5820936829656809,0.4182035094626733,0.9572192513005947,0.0,0.6219129419055959,1.0,1.0,0.7017911714462239,0.5542990034820852
bengaluru_edge_00188,0.38612876807732854,0.5571326084125937,0.4080316485606076,0.8779482177301849,0.0,0.5806451612738345,0.9919230214493231,2.0,0.6678541080857656,0.527197477302294
bengaluru_edge_00189,0.4278812548738152,0.5993233028493367,0.4435186566274529,0.9238725141635354,0.0,0.682514307616379,0.9992541607177104,2.0,0.7096779051686751,0.5621613435384551
bengaluru_edge_00190,0.062390734264029975,0.11745346086296787,0.06433440369375432,0.6737463124856206,0.0,0.0751736058442195,0.8914990704749028,6.0,0.3655274859582761,0.27827300705389996
bengaluru_edge_00191,0.062110542579104554,0.11695683281380975,0.06308369137196522,0.8010454097350391,0.0,0.07145654971542005,0.9930021353778075,6.0,0.4107220078423399,0.3120662618170518
bengaluru_edge_00192,0.07850719264809218,0.1455849217942275,0.07876425889205481,0.9600867676876167,0.0,0.08983574956648657,0.9983271937785845,2.0,0.4566893958604688,0.34756409206504274
bengaluru_edge_00193,0.16245365145635252,0.2795012966802183,0.1630820022306957,0.9768321053725444,0.0,0.20435709687390655,1.0,1.0,0.5262908677960423,0.4053515151205865
bengaluru_edge_00194,0.26713802643230433,0.4216399805859286,0.2779701200414336,0.8726961247121516,0.0,0.37255714215184565,0.9980243103902458,2.0,0.5835943029902224,0.45561938088419074
bengaluru_edge_00195,0.3228590761255779,0.48812315983222565,0.32881754768755667,0.9468563960627822,0.0,0.4635017746949491,0.9992940583242289,2.0,0.638325827336348,0.5004691928191073
bengaluru_edge_00196,0.3840725980300524,0.5549890931685262,0.40104485677533697,0.9007485332429396,0.0,0.5954378945572877,1.0,1.0,0.6744589189039614,0.5324684076818854
bengaluru_edge_00197,0.39232002304727365,0.5635486332928406,0.4015115207299261,0.9448661778968088,0.0,0.6081714301206211,1.0,1.0,0.6887575426764525,0.5437208009646063
bengaluru_edge_00198,0.2585946522106557,0.41092603048399695,0.28482669209939027,0.7373820530215071,0.0,0.3728787878674885,0.9999510775176732,2.0,0.5521346755682481,0.4317919849065564
bengaluru_edge_00199,0.25882807800801555,0.4112206941198645,0.27218721058317663,0.8405999301820299,0.0,0.3850832462866289,0.9988705924871812,4.0,0.5739146221944752,0.4484386574546206
bengaluru_edge_00200,0.20413058243750784,0.3390505737746294,0.20974460752852184,0.8840779554252548,0.0,0.28034486644087836,0.9970120608056531,4.0,0.5400477789433037,0.4188342203211515
bengaluru_edge_00201,0.13213789722791974,0.23343074646907258,0.13477762732767884,0.8709112934619853,0.0,0.16569517203655537,1.0,1.0,0.48214393682030066,0.3703199399623518
bengaluru_edge_00202,0.25894741949727157,0.4113713019097741,0.2711313228761685,0.852123922001587,0.0,0.37521567034151304,0.6507964736668276,3.0,0.5056853265195956,0.3970233706658226
bengaluru_edge_00203,0.2857352031971214,0.4444697516045443,0.2881116816173475,0.9719424459893778,0.0,0.41559781460793027,1.0,1.0,0.618499509359085,0.4833921393195329
bengaluru_edge_00204,0.32439424757655505,0.4898756517104305,0.3368099295973173,0.8979601915889781,0.0,0.4857721992545471,0.9999629492404595,2.0,0.6317293229130886,0.49611967090726744
bengaluru_edge_00205,0.38327246663054587,0.5541532501751342,0.39699149770390485,0.9172929259550199,0.0,0.5766205041702913,0.999982323723331,2.0,0.6754735295541193,0.5327384812299177
bengaluru_edge_00206,0.44432122430816495,0.6152664889640411,0.45119773483403536,0.9668367346605475,0.0,0.6829191948212723,1.0,1.0,0.7265561947322883,0.5752349723356506
bengaluru_edge_00207,0.43504109677341474,0.6063116906569058,0.4453942226065525,0.9492787012742608,0.0,0.6746426890422669,1.0,1.0,0.717658206016659,0.56812663158143
bengaluru_edge_00208,0.44265494588488696,0.6136671102782294,0.45278517171244587,0.9518886272579286,0.0,0.6971090023920274,1.0,1.0,0.7241691397315676,0.5737586055605154
bengaluru_edge_00209,0.03647047490537577,0.07037436335792456,0.03659314530868158,0.915820028584509,0.0,0.03946184673183402,0.9977383000521931,3.0,0.413369059966349,0.31234890162134876
bengaluru_edge_00210,0.04237598389085894,0.081306523837364,0.042628807129182246,0.8772262217213997,0.0,0.04653519370086259,0.9956726696865908,3.0,0.4101539245837401,0.31032485462692944
bengaluru_edge_00211,0.041522606937557036,0.07973443238000971,0.041718409128348406,0.8984459700403159,0.0,0.0454666076949055,0.9987413995636851,2.0,0.4142983945196825,0.313376174073604
bengaluru_edge_00212,0.11702742745425095,0.20953366869596213,0.11781933277335069,0.9456855013949941,0.0,0.1348703170001056,0.9976170553352494,2.0,0.4837878170836125,0.37029463443958965
bengaluru_edge_00213,0.21414459898596827,0.35274974523597596,0.22211872826167167,0.8564245809372366,0.0,0.2846065552790561,1.0,1.0,0.541469157770839,0.4203032115128799
bengaluru_edge_00214,0.2650192543427616,0.4189963961939091,0.27328252430155486,0.8975903613932863,0.0,0.38252982829608767,0.9984507995298978,2.0,0.5884651276484133,0.45946228707542053
bengaluru_edge_00215,0.32543293830815817,0.4910590779848211,0.33296952539550523,0.9349710290219331,0.0,0.4887543678210356,0.9986016132607991,2.0,0.6397129693118948,0.5022097363831093
bengaluru_edge_00216,0.37527712221312887,0.5457476404598718,0.3826521311047024,0.9511509878126178,0.0,0.5726691041893572,0.9993254821890838,2.0,0.6776183950875262,0.5340433334537911
bengaluru_edge_00217,0.3594928300636992,0.528863149718642,0.3688166439435417,0.9342980451416959,0.0,0.5484878561259783,1.0,1.0,0.6637973895865223,0.5226646883403205
bengaluru_edge_00218,0.24064886110633962,0.3879403248583048,0.24536421121383978,0.9260476071828634,0.0,0.3315943919067146,0.9995236922066191,2.0,0.575420995559729,0.44771297129202264
bengaluru_edge_00219,0.22169365966624857,0.36292839520311915,0.2261320492596327,0.9186667669160584,0.0,0.311401442836319,1.0,1.0,0.5610290113841856,0.4358645702949142
bengaluru_edge_00220,0.19248123815976242,0.32282476570750845,0.20262354793752158,0.793618661963214,0.0,0.2683764385512815,0.9385213624729277,4.0,0.5020921497091742,0.3897198482940036
bengaluru_edge_00221,0.25590943020015156,0.40752847943719606,0.2715726658145444,0.8160755375056672,0.0,0.3775793580912722,0.9043620616814533,5.0,0.5477049330558883,0.42851115761466485
bengaluru_edge_00222,0.3318806502547557,0.49836394903894016,0.3468708952936979,0.8847878951156559,0.0,0.5194270256818079,0.9283081225371806,4.0,0.6221230559221721,0.4899560250748455
bengaluru_edge_00223,0.37123655486294727,0.5414624537923753,0.3777422118696713,0.9556646216378051,0.0,0.5652412019485394,0.9985773639200091,2.0,0.6755472694702475,0.5322002197595906
bengaluru_edge_00224,0.3975307470928969,0.5689044737224264,0.4052046406637898,0.9545264755758388,0.0,0.5983443631036564,1.0,1.0,0.6923485366293644,0.5463004518098061
bengaluru_edge_00225,0.41872613702863193,0.5902846590330795,0.42622977477150614,0.9596529124973583,0.0,0.6520448467738268,0.9984714204406863,2.0,0.7090820502804195,0.5607252938304317
bengaluru_edge_00226,0.4403345179413724,0.6114336807962216,0.44941184299536774,0.9561415928865082,0.0,0.69805376287672,1.0,1.0,0.7239757445493722,0.5735802549681671
bengaluru_edge_00227,0.437347232199185,0.6085477780202498,0.4572083497650037,0.9096482374150631,0.0,0.6777132258495564,1.0,1.0,0.7111747226228271,0.5633975602411021
bengaluru_edge_00228,0.04888996921003257,0.09322230290152143,0.04924910218659404,0.8702047877501573,0.0,0.054146829502964414,0.998873653281097,2.0,0.41475843918443583,0.3141989035272954
bengaluru_edge_00229,0.07440728196286182,0.13850852132521901,0.07602958989280088,0.7771390668191158,0.0,0.08310563608384416,0.979819172867278,3.0,0.4129311623676834,0.31443746021895963
bengaluru_edge_00230,0.09952921727701558,0.18103969537708095,0.10069078349207979,0.8961333116168688,0.0,0.11365837907423194,1.0,1.0,0.4607347283943211,0.3518996171807728
bengaluru_edge_00231,0.0976369817341415,0.17790395797322023,0.09832351608353349,0.9332589995327717,0.0,0.11181755096472519,0.9999328735169243,2.0,0.46670536463325213,0.3562687239953993
bengaluru_edge_00232,0.121282976665448,0.21632893603027498,0.13017267246432873,0.6397640433516874,0.0,0.15561497325740895,0.9710030279058348,6.0,0.4221178897511761,0.32469894055351384
bengaluru_edge_00233,0.2257735897051885,0.36837731144050745,0.24779181573547093,0.7175813501119005,0.0,0.3372913195924825,0.931602191413238,9.0,0.5121035655506999,0.39993684341715824
bengaluru_edge_00234,0.24156320134573758,0.38912751454602684,0.2604390969374112,0.7692105952813263,0.0,0.3574852877750112,0.9975803050147624,2.0,0.54677938780966,0.4269053070002673
bengaluru_edge_00235,0.3083339710662674,0.47133832474743603,0.31942600042971825,0.8987786514472824,0.0,0.4570819608476463,0.9982954432838483,2.0,0.6200410889844167,0.4862037694571749
bengaluru_edge_00236,0.32718126686424825,0.49304684300929674,0.33395949620126736,0.9415889028528832,0.0,0.4825453616027972,0.9991233719765278,2.0,0.6414540185945482,0.5034069993594004
bengaluru_edge_00237,0.2844514732764366,0.44291509518977007,0.289919744807338,0.937815587215268,0.0,0.40893122390755354,0.9985577820384478,2.0,0.6100094383580502,0.4768224414720541
bengaluru_edge_00238,0.2598811292676262,0.4125486495995001,0.2642481827751977,0.9402102496153261,0.0,0.3739676631296041,1.0,1.0,0.5935462609528073,0.4629142595286846
bengaluru_edge_00239,0.27154131099530177,0.42710576313521775,0.27601135040242997,0.9437154051281973,0.0,0.38915598961942366,1.0,1.0,0.6023204485202117,0.4702023245572759
bengaluru_edge_00240,0.25569800569366946,0.4072603516677841,0.26071169207973316,0.9300518134141345,0.0,0.3613688141399965,1.0,1.0,0.58788683343719,0.4582363248984105
bengaluru_edge_00241,0.324147586298927,0.48959434681286434,0.333649513866335,0.9192381143371576,0.0,0.4931106251681347,1.0,1.0,0.6365941686621929,0.4999451662897454
bengaluru_edge_00242,0.42575352414205947,0.5972329956515516,0.4380158271840842,0.9383025937306448,0.0,0.6732198697730758,0.9992018476378086,2.0,0.7105695051994012,0.5625449571412978
bengaluru_edge_00243,0.4628812614404256,0.6328350408763179,0.47096763737548464,0.9642335766103439,0.0,0.7401958322686368,1.0,1.0,0.7407953741281182,0.5877978801817639
bengaluru_edge_00244,0.43302988662945674,0.6043556951180694,0.44206557951179964,0.9549259497384597,0.0,0.6860074676797484,0.9997369805365597,2.0,0.7188797282598602,0.569277302658733
bengaluru_edge_00245,0.42555955447695637,0.5970421272692406,0.4488947793950738,0.891143417726938,0.0,0.6637188208401775,0.9903854793782011,4.0,0.6983280819415949,0.553121552999028
bengaluru_edge_00246,0.3707655150609941,0.5409612526537719,0.40333561799398365,0.8211544722628422,0.0,0.5533942400607033,0.9243545807630797,2.0,0.6323729265399463,0.4995111355029119
bengaluru_edge_00247,0.06858003199268693,0.12835731520230442,0.06905569557753499,0.9087281793245067,0.0,0.07565249507395658,0.9992988307529042,2.0,0.43840498832162567,0.33315677045800557
bengaluru_edge_00248,0.07174182317177627,0.1338789279669226,0.07189586338658879,0.9710013590913,0.0,0.07879863181432938,0.9989599758446003,2.0,0.4532773179532877,0.34449821364955774
bengaluru_edge_00249,0.10511842780477527,0.19023920904763877,0.10613604812390308,0.9164136166027786,0.0,0.12275254379266227,0.9940027764923647,5.0,0.46819794221139843,0.3579092407140205
bengaluru_edge_00250,0.10222306071432812,0.18548525132123336,0.10878367073418826,0.6289417681120252,0.0,0.12783557288947278,0.8418604651162791,8.0,0.3788710819434985,0.2909455546803052
bengaluru_edge_00251,0.08351494889901791,0.15415560068438222,0.0857074611290344,0.7655159036529255,0.0,0.10036905709288253,0.9722487622687397,5.0,0.4170074762894714,0.3182357155142181
bengaluru_edge_00252,0.16897759439214657,0.28910322182866605,0.18081938596927766,0.7206875382933612,0.0,0.23754681647198667,0.9968169216552007,4.0,0.48177577769211427,0.37299651388364546
bengaluru_edge_00253,0.1780227059418547,0.30223985504510575,0.18416644458476097,0.8421831475590021,0.0,0.24570329616228387,1.0,1.0,0.5130725993747689,0.3969503139474708
bengaluru_edge_00254,0.20064936836100927,0.3342347460439897,0.21719483740756682,0.7248176620614215,0.0,0.28090935168241143,0.5557754216013467,4.0,0.41793058050204446,0.32715672059865614
bengaluru_edge_00255,0.20181086518776306,0.33584463418249005,0.20364793069263903,0.9572132972039754,0.0,0.2651539920167145,0.9986971676085412,2.0,0.552111367006738,0.42743306879759957
bengaluru_edge_00256,0.28374155097965437,0.44205401120361704,0.29254402397353796,0.9041222787804468,0.0,0.41676656068127466,0.9995691270138629,2.0,0.6038638277728072,0.4723894793739283
bengaluru_edge_00257,0.29566718452795326,0.45639372218209395,0.3028074393553708,0.9261382069359717,0.0,0.4406886152188819,1.0,1.0,0.6173117295865943,0.48340177390429345
bengaluru_edge_00258,0.3176701633325722,0.48216947180338354,0.32237471036631116,0.9560788082193138,0.0,0.4746398911351138,0.9988819936160215,2.0,0.6384160582645674,0.5006760364160028
bengaluru_edge_00259,0.33637463453412014,0.5034136773351513,0.34256232994502706,0.9490376409903746,0.0,0.5045319464956778,0.9997262102363148,2.0,0.6501530428622235,0.5107254347074255
bengaluru_edge_00260,0.36784053577362935,0.5378412558384732,0.37306850372822126,0.9633016083719171,0.0,0.548639224942114,1.0,1.0,0.6739446920716203,0.5304955220724195
bengaluru_edge_00261,0.49294570328419957,0.6603665521121255,0.5000240928941997,0.9720843091031355,0.0,0.7927828036994989,1.0,1.0,0.7620232060396583,0.6057533778146852
bengaluru_edge_00262,0.5349379243821971,0.6970157110392674,0.5422001732334483,0.975573124742113,0.0,0.8360994852350965,1.0,1.0,0.7867129823272984,0.6263366443191195
bengaluru_edge_00263,0.46198245343116084,0.6319945254430701,0.4865456313728614,0.9014867096823289,0.0,0.693434158158815,0.9949748743718593,2.0,0.722129977345277,0.572608049198856
bengaluru_edge_00264,0.3012167470283519,0.4629770523877046,0.389752066099597,0.5700815956137757,0.0,0.44154893175217313,0.7764462809917355,12.0,0.5045089183503337,0.3989728345492553
bengaluru_edge_00265,0.2664652114291472,0.4208014701461142,0.2929995459550708,0.7463463357824441,0.0,0.3772658227752591,0.9898254014116482,6.0,0.5567776001101598,0.435605679171692
bengaluru_edge_00266,0.03700934579370076,0.07137707281774734,0.03745105827540807,0.7583301414177211,0.0,0.04151445362052266,1.0,1.0,0.3829140782984585,0.289578250297
bengaluru_edge_00267,0.05342476367477482,0.10143062042401106,0.05401805824756609,0.8294736839610606,0.0,0.059134041348601056,0.9972187946804552,3.0,0.4099657458878597,0.3108883527508446
bengaluru_edge_00268,0.058100558657509536,0.10982048574140442,0.06106115385615212,0.5451034481254887,0.0,0.06975633062367395,0.6472296900590216,8.0,0.28742252179899797,0.21940981266982673
bengaluru_edge_00269,0.058586841171799305,0.11068877657112532,0.0648714810249757,0.376848691587927,0.0,0.07262135921977567,0.6656548347613219,11.0,0.2580817456275585,0.19749278842294982
bengaluru_edge_00270,0.07961925095454987,0.14749505602860302,0.08106700482142462,0.8167921513080556,0.0,0.09532529629952374,0.9731210796856955,4.0,0.4242937525744908,0.32344237567564565
bengaluru_edge_00271,0.1318829297003412,0.23303280973635035,0.13604201935720706,0.8118119413532169,0.0,0.1685663332514392,0.9975257194947259,4.0,0.46995310035390536,0.3612404303396736
bengaluru_edge_00272,0.1464973349247662,0.25555634620708373,0.15932213414884294,0.645381574140963,0.0,0.19898507863291487,0.8166922985922158,4.0,0.4128267026928898,0.31962032499963833
bengaluru_edge_00273,0.12113277750773216,0.21608997602765517,0.12242766112813072,0.919696573251413,0.0,0.14670560842803182,0.9995299279222815,2.0,0.4828215494613889,0.36999908672593473
bengaluru_edge_00274,0.23599543500386091,0.38187104631680735,0.25141630234494616,0.7937117190041885,0.0,0.3331174298745671,0.99604211397677,4.0,0.5457291299138155,0.42534811419873414
bengaluru_edge_00275,0.23703130912230744,0.38322604670448446,0.2412343859843737,0.9315272209406745,0.0,0.3211093585628919,0.9983088309165802,2.0,0.5731424851844382,0.4456378148002358
bengaluru_edge_00276,0.2992665706971173,0.46067000790537815,0.3153333172757943,0.854514613722957,0.0,0.4505973202940203,0.9998074006307629,2.0,0.6059082795507699,0.4751953499029591
bengaluru_edge_00277,0.32296709298869886,0.4882466006907063,0.32932544559908333,0.94359143685303,0.0,0.4930921238748346,0.9985978795328826,4.0,0.6405504990845172,0.5028803485812513
bengaluru_edge_00278,0.35699807792491706,0.5261585609182711,0.3644163024995199,0.9460548249237797,0.0,0.5360989435574312,0.9993578881655222,2.0,0.6634815966844007,0.522053129087776
bengaluru_edge_00279,0.4125947305279154,0.5841657506023974,0.4220403653178978,0.9485468161519325,0.0,0.6272791554970635,1.0,1.0,0.701627399062671,0.5543620341985588
bengaluru_edge_00280,0.4686748117290774,0.638228160497019,0.47519325813465985,0.9715636740195762,0.0,0.7383808826935289,1.0,1.0,0.7448765661297923,0.5909532338175086
bengaluru_edge_00281,0.5294090252793522,0.6923053500127655,0.5361589737055691,0.9767721609343614,0.0,0.8225629268562219,1.0,1.0,0.7830393186955239,0.6231149918841999
bengaluru_edge_00282,0.4405057326772341,0.6115987221495296,0.44760612830437907,0.9652407336970354,0.0,0.6588906409271197,1.0,1.0,0.7219633245388101,0.57109606511262
bengaluru_edge_00283,0.29215782215443803,0.4522014527100382,0.3432812418245105,0.6623638563603084,0.0,0.4403204354817259,0.9955312810327706,7.0,0.5617008897429074,0.44158816913002963
bengaluru_edge_00284,0.33262927894312627,0.4992075203494342,0.42214074437940163,0.6106975707327525,0.0,0.48673936676813695,0.6238908060142963,10.0,0.5035508118493637,0.4002295530473831
bengaluru_edge_00285,0.03827529923726128,0.07372861372196587,0.03934673788306869,0.5843023253387449,0.0,0.04529325216959602,0.9885902849632261,7.0,0.3471088255171606,0.26286399935410065
bengaluru_edge_00286,0.053563538171122436,0.10168069837364192,0.05380303453629111,0.9232722141260163,0.0,0.05940013851047893,0.9996547926290007,2.0,0.4293364743382424,0.3254279121732533
bengaluru_edge_00287,0.05613489595656219,0.10630251149067413,0.057369836224459306,0.7228210653764026,0.0,0.06612447874676566,0.9963823026154974,5.0,0.3910624733348657,0.29698043456290885
bengaluru_edge_00288,0.055359849259506,0.10491179723835294,0.0562925630494139,0.7696469246100095,0.0,0.06398427202109014,0.9763417123102235,3.0,0.39566406621062045,0.3003510520397158
bengaluru_edge_00289,0.08057133515712593,0.1491272857898087,0.08297908160943265,0.7352228229097104,0.0,0.09724592886245223,0.9839850162043857,3.0,0.4109908159457981,0.31354549294274653
bengaluru_edge_00290,0.1011720821353257,0.1837534455816188,0.10293953488180578,0.854913473291886,0.0,0.12089894316623023,0.9986790697674418,2.0,0.4540397848577248,0.3471138813189111
bengaluru_edge_00291,0.12591984602836181,0.22367461853086462,0.1353884543947114,0.6429190750516013,0.0,0.16101666610463858,0.5637077386567664,5.0,0.34482564549194406,0.2670145815785643
bengaluru_edge_00292,0.1842796671973853,0.3112097122016555,0.19617745318425978,0.7523837901517298,0.0,0.24722034522245775,0.8591666019216326,8.0,0.47090445778667844,0.3655524692130583
bengaluru_edge_00293,0.23015610894092176,0.3741900841171614,0.2427035686864635,0.8165768298713713,0.0,0.3246107394374338,0.9968654949035269,3.0,0.5462360871632439,0.42534666127159476
bengaluru_edge_00294,0.18659767140687197,0.31450874361759906,0.19125238667365724,0.8846185296520878,0.0,0.24511576625699855,0.9981967329043208,3.0,0.5263512328930993,0.4071551490140553
bengaluru_edge_00295,0.27224528129571773,0.42797609124311253,0.30673129436418856,0.7077262344878533,0.0,0.40585009139042344,0.5323935008192244,7.0,0.46366429933516545,0.36664724394287007
bengaluru_edge_00296,0.26004137832168006,0.4127505378720877,0.2672336369752519,0.9062092112060284,0.0,0.36300413839500933,0.9923019116919298,5.0,0.5842006174675345,0.45563546551294826
bengaluru_edge_00297,0.3349507702401823,0.5018174118584441,0.3403596674537593,0.9547041446175497,0.0,0.4935693510158705,0.998611753817677,2.0,0.649212160313289,0.5097079562865963
bengaluru_edge_00298,0.41513632039057874,0.5867085939480386,0.42605156037286873,0.9418736510611305,0.0,0.6446116397274566,1.0,1.0,0.7032971227696262,0.5561111944996388
bengaluru_edge_00299,0.4395679129430068,0.610694235389518,0.4470484156273597,0.9633288273902697,0.0,0.7057952834745159,0.9985041016567476,2.0,0.7255116512399863,0.5749068973710091
bengaluru_edge_00300,0.4365885233815827,0.6078129071418418,0.44267843304008037,0.9694524295719373,0.0,0.7183216357787944,1.0,1.0,0.7268230071231231,0.576130314118355
bengaluru_edge_00301,0.4158751801116209,0.5874461053534893,0.4226529776647458,0.9628712870941716,0.0,0.6763362945884079,1.0,1.0,0.7110382082439527,0.5627285796159885
bengaluru_edge_00302,0.37377179711165265,0.5441541279235834,0.3817167577351399,0.9472515941178766,0.0,0.5775939015130969,1.0,1.0,0.6766911902336941,0.5334323142760384
bengaluru_edge_00303,0.39369962830026684,0.5649705579392548,0.4229628750954224,0.8505326760673186,0.0,0.5888620881440649,0.99596726366979,3.0,0.6678537433217088,0.5275952370228771
